{"exact": 26.537956859705798, "f1": 26.600622628520252, "total": 130319, "HasAns_exact": 0.0023035901452413588, "HasAns_f1": 0.09636539922516661, "HasAns_total": 86821, "NoAns_exact": 79.5025058623385, "NoAns_f1": 79.5025058623385, "NoAns_total": 43498}