{"exact": 29.730891121018423, "f1": 29.793195260504053, "total": 130319, "HasAns_exact": 0.11748309740730929, "HasAns_f1": 0.21100209803649733, "HasAns_total": 86821, "NoAns_exact": 88.83856729045013, "NoAns_f1": 88.83856729045013, "NoAns_total": 43498}